,channelId,channelTitle,videoId,publishedAt,videoTitle,videoDescription,videoCategoryId,videoCategoryLabel,duration,durationSec,definition,caption,viewCount,likeCount,dislikeCount,commentCount
0,UCU1_l0ZJyTK_7HZZ3Ruw8Dg,MAPS,pTnk3ziVVRM,2014-01-10T01:24:57.000Z,Psychedelic Horizons Beyond Psychotherapy Workshop - Part 3/4,"Watch the full workshop at http://psychedelicscience.org In addition to their psychotherapeutic uses, experimental evidence shows that psychedelics deepen daily life and enrich most academic fields. As popular use still is 99% of all experiences, it is important to be aware of the effects of rising religious use, microdosing, problem--solving, self-help groups, effects on education and popular culture. Entheogenic uses promote spiritual growth including heightened senses of significance, meaningfulness, and sacredness. Personality growth promotes altruism and open mindedness. Future leads propose advances through microdosing, developing a Multistate Theory —even exploring previously unknown mindbody states that may contain unusual, rare and even undiscovered human abilities. James Fadiman, PhD completed his dissertation at Stanford on the effectiveness of LSD-assisted therapy just as all research was shut down. During the subsequent 40 year lull, he has held a variety of teaching, consulting, training, counseling, and editorial positions. He has taught in psychology departments, design engineering, and for the past three decades at the Institute of Transpersonal Psychology that he co-founded. He has published textbooks, professional books, a self-help book, a novel, and a series of videos (""Drugs:The Children are Choosing"") for National Public Television. His books have been published in eight languages. He was featured in a National Geographic documentary and had three solo shows of his nature photography. He sits on two non-profit boards and has been the president of several small natural resource companies. He has been involved in researching psychedelics for spiritual, therapeutic, and creative uses when it was legal and subsequently and recently published The Psychedelic Explorer's Guide: Safe, Therapeutic, and Sacred Journeys and released a series of videos (with Kokyo Henkel), Buddhism and Psychedelics. He is doing surveys of psychedelic use and has pioneered researching micro-dosing of a number of substances for a host of conditions. More at http://jamesfadiman.com Dr. Roberts's major publication in the humanities and social sciences is The Psychedelic Future of the Mind: Enhancing Cognition, Boosting Intelligence, and Raising Values (2013), in religion Spiritual Growth with Entheogens: Psychoactive Sacramentals and Human Transformation (2012), in medicine Psychedelic Medicine: New Evidence for Hallucinogenic Substances as Treatments (2007), and in mind development and education Psychedelic Horizons: Snow White, Immune System, Multistate Mind, Enlarging Education (2006). He is a founding member of MAPS, co-founder of the Council on Spiritual Practices, creator of Rising Researcher sessions, and originated the celebration of Bicycle Day. He has taught Psychedelic Studies at Northern Illinois University since 1981. More info at: niu.academia.edu/ThomasRoberts",29,Nonprofits & Activism,PT1H19M40S,4780,hd,False,1512,8.0,0.0,1.0
1,UCLuO2lUqHrPIIpx0hFenV2g,Tink Tink Club,cuJjSeHZIrg,2015-06-18T16:56:04.000Z,Episode 35 - Dr. James Fadiman,Dr. James Fadiman is the father of modern psychedelic therapy and the author of the Psychedelic Explorers Guide. He is currently doing research on the effects of microdosing.,22,People & Blogs,PT1H12M34S,4354,sd,False,881,14.0,0.0,3.0
2,UCihqrkaOgVMfLNo2W1hSliA,Podcast Bunk,IuyuZfWtGgg,2016-05-01T05:33:13.000Z,#325 Microdosing from The Adam and Dr Drew Show on podbay,"Adam and Dr. Drew are solo today and they open the show talking to a caller about the new phenomenon of 'microdosing' LSD and Drew gives his thoughts on how it will unfold. As the show continues, they talk to other callers including one who has been addicted to pain killers for a long time trying to ween himself off, as well as someone who wants to figure out how to help children who didn't grow up with the best family support structure. AdamAndDrDrewShow.com",22,People & Blogs,PT50M40S,3040,sd,False,67,0.0,1.0,3.0
3,UCgbWWPn3VYYzxjffZbfj9GQ,Alan Springwind,cng_ZhQf8iY,2016-01-25T04:48:22.000Z,Microdosing Away The Same Old Blues,Source: https://www.spreaker.com/user/springwind_sonic_soul_collage/microdosing-away-the-same-old-blues A medicinal little ripple to dance one out of the blues.,24,Entertainment,PT32M21S,1941,hd,False,4,0.0,0.0,0.0
4,UCFmLi6X1mojkFZOFngNR9tQ,Drug Education Agency,OpQIQEx7J5A,2014-08-15T10:53:58.000Z,Erschossener Kiffer / Drogen in Mikro-Dosierung / Hanfparade DEA (53),"Von erschossenen ""Dealern"", von demonstrierenden Hanf-Fans und von Psychonauten, die fast keine Drogen nehmen - herzlich willkommen, liebe Gemeinde, zu Folge 53 eurer Drug Eduaction Agency. Diesmal präsentiert Gastgeber und Chefredakteur Markus Berger euch ein Trend-Thema, das ursprünglich in der Schnittmenge aus Psychonautik und Extremsport beheimatet ist: das Micro Dosing. Korrespondent Simon erzählt euch Erhellendes zu anarchistischen Cops, die auf ihre eigene Art und Weise mit dem ""Drogenproblem"" umgehen - sie erschießen einfach deren Protagonisten. Das ist Deutschland, das ist Bayern. Darüber hinaus haben wir einen Rückblick auf die 18. Hanfparade, die am 9. August stattfand, und die hervorragende und einzigartige Hanfparaden-Rede vom drogenpolitischen Aktivisten Max Plenert (unbedingt ganz anschauen! Bitte entschuldigt die mindere Tonqualität des Beitrags), die auf den Punkt bringt, was bei uns eigentlich los ist. Wir wünschen euch viel Spaß mit der DEA 53. QUICK SEARCH: 00:00 Vorspann 00:23 Vorschau 00:38 Begrüßung und worum es geht 01:17 Micro Dosing - ein Psychonautentrend 09:18 30 Jahre Nachtschatten Verlag - das Symposium 10:42 Hanfparade 2014 - eine Rückschau 12:55 Über Cowboy Cops und erschossene Cannabis-User 16:03 CannaTrade 2014 - Trailer 16:46 Max Plenert über die deutsche Drogenpolitik 25:31 Abspann http://www.dea-tv.org http://www.drugeducationagency.tv http://MarkusBerger.info http://www.nachtschattenverlag.ch/symposium Echte DEA-Homies hüllen ihre Leiber in DEA-Merchandise - zu haben bei http://www.blackleaf.de",24,Entertainment,PT26M32S,1592,hd,False,5465,121.0,6.0,25.0
5,UCxSbJSgLqIO8r7TONBN5dvw,Oracle Frequency Podcast,U6Ecm1Kb4AI,2015-10-11T06:52:13.000Z,Microdosing Psilocybin Mushrooms & LSD - The Oracle Frequency Podcast #25,"In recent years, more and more psychedelic explorers have been taking small amounts of LSD & magic mushrooms to help maintain a positive mood, gain creativity, and even perform better in athletic events. These ""microdoses"" are so small that no hallucinations occur, yet the user still gets the lasting positive mental gains often seen with traditional psychedelic use. Microdosing is quickly becoming a popular way to help reduce the effects of depression, anxiety, and PTSD. In episode 25, Brian explains the process a bit further. Listen to the Podcast: Stitcher - http://www.stitcher.com/podcast/oracle-frequency-podcast/the-oracle-frequency-podcast iTunes - https://itunes.apple.com/us/podcast/oracle-frequency-podcast/id1045648772 SoundCloud - https://soundcloud.com/oraclefrequency TuneIn - http://tunein.com/radio/The-Oracle-Frequency-Podcast-p798445/ Oracle Frequency Social Media: Facebook - https://www.facebook.com/OracleFrequency/ Twitter - https://twitter.com/oraclefrequency Pinterest - https://www.pinterest.com/oraclefrequency/ Google+ - https://plus.google.com/+OracleFrequency/posts Website – http://www.oraclefrequency.com",24,Entertainment,PT25M7S,1507,hd,False,12092,136.0,2.0,41.0
6,UCSqJniChpE6ngCRzUvNNgug,Fabian-ji Chononita,qyOW2otR1Vs,2016-05-11T20:24:46.000Z,Spagyric Microdosing: An Alchemical Approach to Sacred Plant Healing,"Spagyric Microdosing: An Alchemical Approach to Sacred Plant Healing. An Evolver.net / Reality Sandwich talk at The Alchemist Kitchen in New York City Please join the Facebook group on https://www.facebook.com/groups/microdosing/ or join one of my talks https://www.facebook.com/events/1716322355313707/ or watch a recording: https://www.youtube.com/user/fabianji1/videos Fabian Michael Piorkowsky or Fabian-ji is an Alchemist and conference speaker in the field of traditional and alternative medicine and conducts private as well as group healing workshops and retreats in South America and South Africa together with his apprentices. The information provided on this site / video is for educational, historical, and cultural interest only and should not be construed as advocacy for the use or ingestion of Ayahuasca or any other sacred plant or substance. To our knowledge all reports here are based on experiences in countries where the plants, substances and practices involved are fully legal and officially practised. We do not entice or condone any behaviour that is in breach with local laws and point out that each individual is responsible for themselves to find out the legal status of these practices in the country they intend to investigate them. Neither the author nor the publisher assumes any responsibility for physical, psychological, or social consequences resulting from the ingestion of these substances or their derivatives. http://www.plantsbyfabian.com/",22,People & Blogs,PT16M15S,975,hd,False,793,28.0,0.0,3.0
7,UCmrLCXSDScliR7q8AxxjvXg,Black Pigeon Speaks,4ekkXrfmPM8,2016-04-23T09:27:30.000Z,LSD: Microdosing & the SUPERNATURAL,"a http://vidmax.com/ original. If you would like to support this channel, donations are GREATLY appreciated. Via PayPal to: navyhato@gmail.com (NAVYHATO@GMAIL.COM) Or support me at Patreon. https://www.patreon.com/blackpigeon?ty=h --------------------------------------- Facebook: https://www.facebook.com/blackpigeonspeaks/ Twitter: https://twitter.com/navyhato ---------------------------------------- Links to: Selected References can be found here: https://plus.google.com/+BlackPigeonSpeaks/posts/XnUdSRoM3uN Millennial Woes https://www.youtube.com/user/MillennialWoes -------------------------------- Made with Adobe: Photoshop After Effects Premiere -------------------------------- Music I'm Everywhere by TeknoAXE is licensed under a Creative Commons Attribution 4.0 International License http://teknoaxe.com/Link_Code_2.php?q",25,News & Politics,PT13M40S,820,hd,False,108974,4329.0,990.0,3672.0
8,UC2nzGL6I-SRc_gkBLWLDVWg,ellie pipkins,akZrftACY1I,2016-06-04T12:39:29.000Z,LSD: Microdosing & the SUPERNATURAL,"a original. If you would like to support this channel, donations are GREATLY appreciated. Via PayPal to: navyhato@gmail.com . How to microdose psychedelics! Everything you need to know about microdosing acid, psilocybin, mescaline and more. Get a Test Kit: . If you are feeling generous and would like to support this channel, donations are greatly appreciated. via PayPal to: navyhato@gmail.com (NAVYHATO@GMAIL. For educational purposes only: things to consider before ingesting a foreign substance that will change your perception. I by no means endorse anyone .",22,People & Blogs,PT13M32S,812,hd,False,2,0.0,0.0,0.0
9,UCn8V3KNSgDr1Dai77_y8JrQ,PsychedSubstance,UGxSZqTZVaU,2015-09-12T13:44:39.000Z,Microdosing LSD or any Psychedelic,"How to microdose psychedelics! Everything you need to know about microdosing acid, psilocybin, mescaline and more. Get a Test Kit: http://tinyurl.com/LSDtestkit Facebook: https://www.facebook.com/PsychedSubstance Support us on Patreon: https://www.patreon.com/psychedsubstance Dosage Info: https://psychonautwiki.org/wiki/Main_Page Thank you so much to everyone supporting us on Patreon! A special thanks to: Aijaz Shaikh, Travis Woods, Bubba, Markus Henriksen, Geoff Hirt, Damian, Muhammed Abdullah Ozmen, Simon Ruane (Substance videos in German: http://tinyurl.com/pw3khks), Anotherrandom, Aaron Porter, GuruKhanTV (he does psych vids: http://tinyurl.com/ophmca3), Skyler Tanche, Justin, Chris Gintz, Daniel Anagnostis, Stephen Jack, Andrey, Moritz Vega, Robert Spanton, Kurtis Lee, Ryan Andrews, Karina Kusumadewi, Rob, Samuel Jih, Trent Quirk, Christian Nielsen, and Kaspars Murelis",28,Science & Technology,PT13M25S,805,hd,False,526243,7046.0,255.0,1706.0
10,UCXSF1F_RFRUVNXX4QmB6vmw,Your Mate Tom,cnFTo2zFUgw,2015-12-05T16:26:46.000Z,Microdosing PSILOCYBIN Mushrooms Experiment || REVIEW,I DO NOT CONDONE THE USE OF ANY DRUGS -------------------------------------------------------------------------------------------- Microdosing PSILOCYBIN Mushrooms Experiment Review Mushrooms species : Psilocybe Subaeruginosa Check out my blog: www.yourmatetom.com Support this channel by shopping at Onnit: https://www.onnit.com/?a_aid=5534b68c... Microdosing PSILOCYBIN Mushrooms Experiment | Day 1: https://www.youtube.com/watch?v=iG6nxxfx42w Microdosing PSILOCYBIN Experiment | Day 2: https://www.youtube.com/watch?v=kbVwK9hqSKc Music by danijel zambo: https://soundcloud.com/danijel-zambo ----------------------------------------------------------------------------------------------------------- Follow me Instagram @tomz698 Facebook Tom Zembrzuski,27,Education,PT12M32S,752,hd,False,8869,298.0,1.0,80.0
11,UCP-AYTzarlgRNuvDMpoN9IA,Sensorinstruments,Yp0_M7X7NRQ,2014-02-09T23:18:09.000Z,Microdosing monitoring,Monitoring of a microdosing system: The parameters to be monitored are the pulses at which the material to be dosed is emitted and the quantity of the material.,22,People & Blogs,PT10M41S,641,hd,False,87,1.0,0.0,0.0
12,UCpy50X_0LZU3Ju2GTRZ6l7w,Vanrooy Machinery,Pllo0aqVs8c,2010-12-23T00:51:30.000Z,"Agriflex flour silos, ingredient storage and dosing systems levain machines-Dec10 Vanrooy","Agriflex, Italy; designs & manufactures for Vanrooy Machinery in Australia & New Zealand. Automated industrial plants for the inventory, conveying and the dosage of raw materials in powdered, solid and liquid forms. i.e. All of the products and ingredients which are necessary for the production of food, pharmaceutical and chemical products. Flour silos, raw material silos, grain silos, powder silos, indoor fabric silos, outdoor fibreglass or stainless steel silos, ingredient storage and micro dosing. Also design, manufacture and supply; natural yeast, liquid yeast, levain, sour dough, starter culture, mother dough machines and equipment. Agriflex and Vanrooy are experts in automated bakery, confectionary, and patisserie production plant solutions with automatic machinery with programmable, integrated computer panel touch screen controllers for the most efficient industrial bread and other bakery production line. For more information on this and other bakery machines, pizza equipment and pastry equipment please visit www.vanrooy.com.au Australia & www.vanrooy.co.nz New Zealand. Agriflex website: www.agriflex.it",22,People & Blogs,PT10M17S,617,sd,False,4710,2.0,0.0,1.0
13,UCWdEQ_cOzB1S3MEGHIBnxSA,Nate God,BpGNlaCR2uU,2015-12-22T13:53:05.000Z,Microdosing LSD at school,Don't do drugs Snapchat: Nathen360 Instagram: THCdoctors,24,Entertainment,PT10M14S,614,sd,False,3930,63.0,8.0,59.0
14,UCpy50X_0LZU3Ju2GTRZ6l7w,Vanrooy Machinery,gpI2WqVxjqQ,2010-07-13T06:05:56.000Z,"Flour silos, raw materials storage & dosing, natural yeast machines. Agriflex - Vanrooy","Agriflex, Italy; designs & manufactures for Vanrooy Machinery in Australia & New Zealand. Automated industrial plants for the inventory, conveying and the dosage of raw materials in powdered, solid and liquid forms. i.e. All of the products and ingredients which are necessary for the production of food, pharmaceutical and chemical products. Flour silos, raw material silos, grain silos, powder silos, indoor fabric silos, outdoor fibreglass or stainless steel silos, ingredient storage and micro dosing. Also design, manufacture and supply; natural yeast, liquid yeast, levain, sour dough, starter culture, mother dough machines and equipment. Agriflex and Vanrooy are experts in automated bakery, confectionary, and patisserie production plant solutions with automatic machinery with programmable, integrated computer panel touch screen controllers for the most efficient industrial bread and other bakery production line. For more information on this and other bakery machines, pizza equipment and pastry equipment please visit www.vanrooy.com.au Australia & www.vanrooy.co.nz New Zealand. Agriflex website: www.agriflex.it",22,People & Blogs,PT9M56S,596,sd,False,2250,3.0,0.0,0.0
15,UCWOAtXUd8F-MCx2-AfBE_8A,IITA CO,FN_H_H1AWH4,2012-08-09T22:56:28.000Z,Micro-dosing,"To resolve the problems of poor soil fertility and to fight against the striga weed with limited means, some farmers in Niger apply micro-doses to their sorghum and millet crops. Compared to broadcasting, the localised application of micro-doses requires less manure, compost or mineral fertilizer. http://www.accessagriculture.org",28,Science & Technology,PT9M41S,581,sd,False,193,1.0,2.0,0.0
16,UCmSvUqDxMhu2CN5PqkTK1Eg,CABIvideo,xl7pRQGIMdg,2013-04-29T05:35:47.000Z,Fighting striga-Micro-dosing,Farmer to farmer training video on fighting striga,28,Science & Technology,PT9M41S,581,sd,False,14,0.0,0.0,0.0
17,UCmSvUqDxMhu2CN5PqkTK1Eg,CABIvideo,wgjXgfzqvW0,2013-05-17T12:33:05.000Z,Microdosing,Farmer to farmer training video,28,Science & Technology,PT9M41S,581,sd,False,30,0.0,0.0,0.0
18,UCfvKwp-BExobsDcuDfCx1hA,ICRISAT Co,CKVMDnFunKQ,2015-05-18T04:13:50.000Z,Microdosing,Farmer to farmer training video on microdosing,29,Nonprofits & Activism,PT9M41S,581,sd,False,49,0.0,0.0,0.0
19,UC7wOvqC3gyy45Eevq-ZSokw,jayurbzz,44cUVZ1nw1Y,2016-03-02T20:52:39.000Z,"Microdosing LSD (1/5): Setting, Research, Intention","For educational purposes only: things to consider before ingesting a foreign substance that will change your perception. I by no means endorse anyone (especially minors!) consuming any illegal substance, but if they're going to do it anyway they should at least have a general idea of how to do it safely. I'm gonna get a little less all about the psychedelics up in here on this channel (so I can go MAINSTREAM lol), so let's just get this out of the way. I will probably make this microdose series HIDDEN after a week or two because I'm doing a reddit AMA and don't want people to give me shit. So that's that. Peace and love, my friends. Add me on Snapchat! jayurbzz music by Nifty Earth (http://www.soundcloud.com/niftyearth) http://www.facebook.com/jayurbzz http://www.instagram.com/jayurbzz",29,Nonprofits & Activism,PT9M29S,569,hd,False,923,16.0,1.0,11.0
20,UCLtigEiKqmjGC8VxktMl7TQ,LamentoAbsurdo,2D3F-Ui7knU,2016-03-03T12:10:24.000Z,"Exit from ""depression"" by microdosing magic mushrooms.","I did not have any drama in my live what could have explained my depression so I guessed that it is a chemical imbalance in my brain. Therefore I tried different natural supplements to counter that imbalance and I was finally successfull. Watch what I did. James Fadiman: The Psychedelic Explorer's Guide: Safe, Therapeutic and Sacred Journeys. 0.2g dried magic mushrooms",22,People & Blogs,PT9M7S,547,hd,False,609,11.0,0.0,18.0
21,UCewQJkBg5UT2Q2qXNmeUmHQ,MicroLife,JvfBbCsZOmw,2016-04-22T21:02:08.000Z,What Is Microdosing?,What microdosing is and how to do it. PsychedSubstance Channel: https://www.youtube.com/channel/UCn8V3KNSgDr1Dai77_y8JrQ I do not support or encourage the use of illegal substances. Please test and consult with a professional before ingesting any substance. SUPPORT THIS CHANNEL: https://www.patreon.com/MicroLife,10,Music,PT8M53S,533,hd,False,90,6.0,0.0,1.0
22,UC6kFuQCLBFJnIzzhC5cysaA,The Natural Way of Healing,pvjYMuKnf3E,2016-03-05T15:21:34.000Z,MICRODOSING CANNABIS! Benefits of Cannabis!,"Website! http://thenaturalwayofhealing.com Blog! http://thenaturalwayofhealing.com/blog/ Facebook! https://facebook.com/thenaturalwayofh... Shop Herbs! http://thenaturalwayofhealing.com/her... Marijuana, Cannabis, Maui Wowie, Pot, Herb, Ganja, Weed, Skunk, Reefer, Buds, Buddha, Greens, Chronic, Grass... ...whatever you want to call it! It's one of the most powerful, therapeutic and effective all around healing plants on the planet! In this video I talk about the benefits of cannabis. This plant has so many uses and all of them are positive! I also go into talking about microdosing cannabis and the benefits I have noticed since I began to microdose cannabis.",24,Entertainment,PT8M31S,511,hd,False,2322,142.0,2.0,61.0
23,UCldfgbzNILYZA4dmDt4Cd6A,Secular Talk,8B8bO0WMVTw,2015-06-18T02:48:42.000Z,'Microdosing' Psychedelic Drugs Has Positive Effects,"At the fifth annual Horizons: Perspectives on Psychedelics conference in New York City in October 2011, pioneering psychedelic researcher Dr. James Fadiman solidified his reemergence as a leading researcher of and advocate for psychedelic substances. Fadiman had done groundbreaking research with LSD up until the very day it was federally banned in 1966, but after that, he retreated into a life of quiet conventionality—at least on the surface... Read More At: http://www.alternet.org/drugs/microdosing-new-low-key-way-use-psychedelics Clip from the Wednesday, June 17th 2015 edition of The Kyle Kulinski Show, which airs live on Blog Talk Radio and Secular Talk Radio monday - friday 4-6pm Eastern. Check out our website - and become a member - at: http://www.SecularTalkRadio.com Listen to the Live Show or On Demand archive at: http://www.blogtalkradio.com/kylekulinski Follow on Twitter: http://www.twitter.com/kylekulinski Like on Facebook: http://www.facebook.com/SecularTalk Friends Of SecularTalk: http://www.facebook.com/beastofreason AMAZON LINK: (Bookmark this link to support the show for free!!!) http://www.amazon.com/?tag=seculacom-20",25,News & Politics,PT8M24S,504,hd,False,28167,868.0,26.0,338.0
24,UCJrVckuDr9mbysKNpgfhhFg,War on drugs,q-UqzqO0LR8,2015-06-18T07:50:40.000Z,Microdosing psychedelic drugs has positive effects,Secular Talk http://www.alternet.org/drugs/microdosing-new-low-key-way-use-psychedelics,22,People & Blogs,PT8M24S,504,hd,False,86,0.0,0.0,0.0
25,UCObG2rwB28k7hPipFqea_ng,Disaltar,w-xJeBRAFDA,2015-12-14T04:14:13.000Z,5ht2 activation and the heart; microdosing LSD and psilocybin,In this one I discuss my one main concern with micro dosing psychedelics...tell me what you think. IM NOT CONDONING THE USE OF ANY ILLEGAL SUBSTANCES,22,People & Blogs,PT8M24S,504,sd,False,247,3.0,0.0,3.0
26,UCeZ7WEtJh2aY75gd31A0_-Q,Psychoactive Society,mIViHhMcRH0,2016-02-10T12:11:29.000Z,MicroDosing Psilocybin! Improving Overall We'll Being.,"This video I'm going to go into the topics of microdosing psilocybin and the effects of microdosing psilocybin. Increased awareness, increased productivity ,increased memory, increased spirituality, increased creativity. If you enjoyed the video please subscribe comment rate and share the video. Thank you all very much!",22,People & Blogs,PT8M13S,493,hd,False,447,14.0,1.0,4.0
27,UC-MsM6mCPLnUrjOAfsCMTxw,Young Morpheus,syccbpQvmmU,2015-02-14T16:46:15.000Z,DMT Breakthrough / Micro dosing Method,"In this video: 1. What a full breakthrough is like. (IMO) 2. Micro dosing, which requires 2 points of DMT, inhaling for 30 seconds and holding your breath for 25 seconds. Micro dosing will allow you to get accustomed to the strangeness and get over the usual feeling of anxiety. Overall it will allow you to accept and let go without being overwhelmed or pressured into attaining a full breakthrough. 3. Demonstration the difference between a hit and a pull. Hopefully this helps! Thanks for watching! Namaste YM,",22,People & Blogs,PT8M11S,491,hd,False,18908,200.0,7.0,80.0
28,UCBreA_KjlvTPX0P3u2Fxn3g,Edgar Frias,NpPk0RtCcSI,2015-09-16T15:09:57.000Z,Micro Dosing,Three friends set out on a journey that will change their lives forever. Starring: Edgar Fabian Frias Thaddeus Clemens Ward Pedisich Sergio Julio Torres-Barrera Featuring the song Aire Santo by Galaxias Eternas (galaxiaseternas.bandcamp.com),10,Music,PT8M2S,482,sd,False,160,3.0,0.0,0.0
29,UCn8V3KNSgDr1Dai77_y8JrQ,PsychedSubstance,54pkxpLiIJc,2016-01-30T15:00:00.000Z,Mescaline Microdose,"What's it like to microdose mescaline? Watch this video to find out live! We also do a comparison of microdosing Mescaline VS LSD. Get a Test Kit: http://tinyurl.com/GetTestKit Support us on Patreon: https://www.patreon.com/psychedsubstance Like us on Facebook: http://tinyurl.com/pg9lrat Thank you so much to everyone supporting us on Patreon! Special thanks to: Travis Woods, Bubba, Markus Henriksen, Geoff Hirt, Damian, Crystian Terrazas, Gavin Nunis, Muhammed Abdullah Ozmen, Simon Ruane (Videos in German: http://tinyurl.com/pw3khks), Anotherrandom, Aaron Porter, GuruKhan, Skyler Tanche, Justin, Chris Gintz, Daniel Anagnostis, Stephen Jack, Andrey, Moritz Vega, Robert Spanton, Kurtis Lee, Ryan Andrews, Karina Kusumadewi, Rob, Samuel Jih, Trent Quirk, Christian Nielsen, Jarrett, ElCapitan Alex, Igor Sos, Paris Monson, Fred, Daniel Ellingsen, Boerescu Razvan, Tommy Porlick, Adan Gutierrez, Syed Jafri, Josh Leavitt, Blair, Bryan Absher, Zocrate, Sylvaine Joube, Crystian Terrazas, Roj Lem, Ali Kaspars Murelis, Michael Mahoney, Tim, Nick Thomson, Mathew Drumm, Patrik Hagnell, Matt Toth, Muhammad Ali Khan, David Manion, Jakub Vantroba, Rojor, Evan Hauge, Magnus Joelsson, Aviate, Bradley Allen, William Ogilvy, Chad Kampsky, Andree Dang, Patrick Milton, Ben Ulibarri, ProCro, Kia GreenLeafTea, Alexzander Samuelson,Kevin Charles, Jackson Calder, Luke Griffin, Joshua Sinclair, Pete O’Leary, Amine Sebai, Pomperipossa, Insommia, Patrick Richter, Xibixi, , LiberiDominatus, Victor Stasek, Owen Gibson, Matthew Zuccherelli, Michael Catron, Daniel Kozlowski, Narayan Monge Oconitrillo, Luke Harris, Remigus Varg, Nikklas Köpen, Alfred Wallace, Alessandro Manciocchi, Duncan J Duncan, Inna, Fábián Tamás László, ALex Gorbatchev, Daividh Draucker, Mehdi, Robin, Paul Austin, Bryan Raynor, Tyler, aRkker, Evan Smothers, Jacob C McWilliams, Nathan Sparks, James Cameron, Taylor Winning, Liviu, Rasmus Backman, Kyson Sheehan, Alfred Wallace, Ramiro Ferrero, Dorin Procopciuc.",24,Entertainment,PT7M45S,465,hd,False,148681,3698.0,49.0,1212.0
30,UC6kFuQCLBFJnIzzhC5cysaA,The Natural Way of Healing,Zy_L2BiCd5Q,2015-10-10T12:59:32.000Z,MICRODOSING MUSHROOMS : The Benefits of Microdosing Psilocybin!,"Microdosing Psilocybin Mushrooms can be a very useful way to further personal development and to eliminate depression and anxiety. Psilocybin is the alkaloid and active component found in psychedelic mushrooms. Psilocybin Mushrooms have been used for centuries by people and ancient cultures around the world for their therapeutic and healing properties. The psilocybin experience can be very challenging and intense when taken in larger quantities (2g - 5g and upward), therefore microdising mushrooms is the perfect way to reap the benefits from psilocybin without losing the ability to function in your day to day tasks. In fact, microdosing mushrooms can actually improve your concentration, expand your awareness and allow you to operate physically, mentally and emotionally on a higher level. Psilocybin Mushrooms (aka. Magic Mushrooms) and other psychedelics are Illegal in most countries. Many people in societies around the world, especially the western world, have been so conditioned by the propaganda machine mainstream media that they truly see these healing plants as ""toxic"" and ""dangerous drugs"". All this while fast food chains, chemical additives, fluoride, aspartame, pharmaceutical drugs, alcohol and cigarettes are legal and being pushed by corporations for us to consume. This goes to show that we live in an extremely corrupt system that wants to keep humanity stupid, apathetic, docile and obedient. Psilocybin mushrooms have the power to change the way we view the world and gifts people with the realization that the majority of humanity is experiencing an artificially induced state of consciousness that resembles sleep and that we are living in a so called ""matrix"". Taking Psilocybin Mushrooms in dosages of 3g - 5g is like taking ""The Red Pill"". The pill of truth and realization. ______________________________________ WEBSITE! - http://thenaturalwayofhealing.com BLOG! - http://thenaturalwayofhealing.com/blog/ FACEBOOK! - https://facebook.com/thenaturalwayofhealing HEALING HERBS! - http://thenaturalwayofhealing.com/herbs-for-detox/",24,Entertainment,PT7M38S,458,hd,False,59255,870.0,35.0,523.0
31,UCXSF1F_RFRUVNXX4QmB6vmw,Your Mate Tom,kbVwK9hqSKc,2015-11-13T14:35:06.000Z,Microdosing PSILOCYBIN Experiment | Day 2,Microdosing PSILOCYBIN | Day 1 https://www.youtube.com/watch?v=iG6nxxfx42w Check out my blog: www.yourmatetom.com Trip Report: Psilocybin Mushrooms (3.5g) | Very Insightful!: https://www.youtube.com/watch?v=5dhaQaBmnL4 Support this channel by shopping at Onnit: https://www.onnit.com/?a_aid=5534b68c... Music by danijel zambo: https://soundcloud.com/danijel-zambo,27,Education,PT7M32S,452,hd,False,5838,113.0,0.0,26.0
32,UCKa6yh0Vd3-NNs64Ea5dihg,CapsugelPTG,XuRmdIib9V0,2011-05-27T09:10:20.000Z,Xcelodose 120S Precision Powder Micro-dosing System,"Semi-automatic filling of pharmaceutical powders into capsules, vials, and other small receptacles.",28,Science & Technology,PT7M26S,446,sd,False,3299,1.0,1.0,0.0
33,UCXSF1F_RFRUVNXX4QmB6vmw,Your Mate Tom,iG6nxxfx42w,2015-11-10T09:20:00.000Z,Microdosing PSILOCYBIN Mushrooms Experiment | DAY 1,Support me on Patreon: https://www.patreon.com/user?u=3120234&ty=h Check out my blog: www.yourmatetom.com Trip Report: Psilocybin Mushrooms (3.5g) | Very Insightful!: https://www.youtube.com/watch?v=5dhaQaBmnL4 Support this channel by shopping at Onnit: https://www.onnit.com/?a_aid=5534b68c... Music by danijel zambo: https://soundcloud.com/danijel-zambo,27,Education,PT7M24S,444,hd,False,35928,323.0,12.0,178.0
34,UC4-_7YBc0X-qU5nQn_sTDlg,Damienbove,8H6V34YsnVI,2010-02-08T19:13:48.000Z,"Review Part B- FDA, M3(R2) Nonclinical Safety Studies, microdosing","A review of FDA,s guidance, M3(R2) Nonclinical safety studies for the conduct of human clinial trials and marketing authorization for Pharmaceuticals by http://www.damienbove.com Part 2 of 2",28,Science & Technology,PT7M20S,440,sd,False,181,0.0,0.0,0.0
35,UCKa6yh0Vd3-NNs64Ea5dihg,CapsugelPTG,bPxSV0AU5qc,2011-05-27T09:23:31.000Z,Xcelodose 600S Precision Powder Micro-dosing System,Fully automated filling of pharmaceutical powders for early stage clinical trials.,28,Science & Technology,PT7M14S,434,sd,False,3133,3.0,2.0,0.0
36,UC7wOvqC3gyy45Eevq-ZSokw,jayurbzz,GpCpDsPuZO4,2016-03-02T21:05:30.000Z,Microdosing LSD (2/5): Staying Present in Reality Waves,"For educational purposes: what to (kind of) expect on the way up with a substance such as LSD. Expect a little anxiety and feeling a little frantic, like wtf omg I should be doing this oh wait other things. Know your variables: what's normal behavior for you and your body, and what is new based on the substance? Honestly, after years of yoga & meditation, drugs aren't as cool as normal life. The psychedelic perception stuff may be cool if you have nothing else to do, but otherwise they just make me weak. And I'd rather not feel weak. Add me on Snapchat! JAYURBZZ music by KNOW MATTER http://www.facebook.com/jayurbzz http://www.instagram.com/jayurbzz http://www.twitter.com/jayurbzz",19,Travel & Events,PT6M17S,377,hd,False,843,8.0,0.0,12.0
37,UCvb-DqrtgHRX-hPypnjfkdw,The Point with Ana Kasparian,2PUL2hNeKlg,2015-06-26T22:15:50.000Z,"What You Need To Know About ""Microdosing""","A new way of taking drugs is being explored among professionals, athletes and even senior citizens while going about their day. It’s called “microdosing,” or taking small amounts of psychedelics. The doses are so small the effects usually associated with such drugs are not evident or are “sub-perceptual.” How do you boost your mood or energy naturally? Comment in the section below! Click to subscribe: https://www.youtube.com/channel/UCvb-DqrtgHRX-hPypnjfkdw?sub_confirmation=1 Host: Ana Kasparian https://twitter.com/AnaKasparian Guests: Andy Riesmeyer https://twitter.com/AndyRiesmeyer Erica Williams Simon https://twitter.com/createdbyerica The Point with Ana Kasparian is a smart and fast-paced panel show giving you a weekly round up of the hottest stories of the week. Each week Ana sits down with some of your favorite hosts from The Young Turks and other interesting personalities that each bring their unique perspectives on everything from news to pop culture. Support The Point for FREE by doing your Amazon shopping through this link (bookmark it!) http://www.amazon.com/?tag=townsquaretyt-20",25,News & Politics,PT6M9S,369,hd,False,27571,358.0,134.0,349.0
38,UC6kFuQCLBFJnIzzhC5cysaA,The Natural Way of Healing,kn5k_THCM8Y,2016-05-07T14:13:22.000Z,MICRODOSING 101! Step By Step To Microdosing Psilocybin Mushrooms,"Microdosing Psilocybin Mushrooms can be a very useful way to further personal development and to eliminate depression and anxiety. Psilocybin is the alkaloid and active component found in psychedelic mushrooms. Psilocybin Mushrooms have been used for centuries by people and ancient cultures around the world for their therapeutic and healing properties. The psilocybin experience can be very challenging and intense when taken in larger quantities (2g - 5g and upward), therefore microdising mushrooms is the perfect way to reap the benefits from psilocybin without losing the ability to function in your day to day tasks. In fact, microdosing mushrooms can actually improve your concentration, expand your awareness and allow you to operate physically, mentally and emotionally on a higher level. Psilocybin Mushrooms (aka. Magic Mushrooms) and other psychedelics are Illegal in most countries. Many people in societies around the world, especially the western world, have been so conditioned by the propaganda machine mainstream media that they truly see these healing plants as ""toxic"" and ""dangerous drugs"". All this while fast food chains, chemical additives, fluoride, aspartame, pharmaceutical drugs, alcohol and cigarettes are legal and being pushed by corporations for us to consume. This goes to show that we live in an extremely corrupt system that wants to keep humanity stupid, apathetic, docile and obedient. Psilocybin mushrooms have the power to change the way we view the world and gifts people with the realization that the majority of humanity is experiencing an artificially induced state of consciousness that resembles sleep and that we are living in a so called ""matrix"". Taking Psilocybin Mushrooms in dosages of 3g - 5g (and upward) is like taking ""The Red Pill"". The pill of truth and realization. _______________________________ WEBSITE : http://thenaturalwayofhealing.com COACHING : http://thenaturalwayofhealing.com/personal-health-coaching/ HEALING HERBS : http://thenaturalwayofhealing.com/herbs-for-detox/ BLOG : http://thenaturalwayofhealing.com/blog/ FACEBOOK : https://facebook.com/thenaturalwayofhealing INSTAGRAM : https://www.instagram.com/thenaturalwayofhealing/",22,People & Blogs,PT5M45S,345,hd,False,1770,100.0,1.0,49.0
39,UCoM5UvXoqDHd2zCpqTrUm3w,Malan Darras,eubTuY_RTkU,2015-05-06T14:41:54.000Z,Charles Bukowski and Microdosing: My New Morning Routine,// GET FREE VIP INFO: http://www.malandarras.com/go/newsletter/ - Visit my site at: http://www.malandarras.com - Facebook: http://facebook.com/malandarrasdotcom - Twitter: http://twitter.com/malandarras,1,Film & Animation,PT5M35S,335,hd,False,4040,24.0,21.0,28.0
40,UCISZQaV44OrgDBRbeDrCXYQ,WordsReality,L7KzrNqgUcA,2016-04-11T03:52:01.000Z,Micro dosing Mushrooms and WARNING before taking Psychedelics,"Talk about micro dosing psilocybin mushrooms, and give an honest little warning for people thinking about doing psychedelics.",22,People & Blogs,PT5M13S,313,hd,False,132,2.0,0.0,2.0
41,UCuUJ0ByfT_9idrRzIFu9OyA,TheLipTV2,Q1fYTecYJbg,2015-12-01T02:02:15.000Z,"LSD, Microdosing: Is It Good For Business?","Several tech industry workers have admitted that microdosing or using about 10 micrograms of LSD has been an effective way to increase work flow throughout Silicon Valley industries. While the long-term effects of consuming small doses of LSD are unknown, research has shown small doses do allow individuals to feel an energy lift without hallucination. Psychedelic substances have been known to aid in problem solving, focus enhancement, motivation and heightened empathetic emotions. Jose Marcelino and Nik Zecevic examine how this performance enhancing technique has taken hold of Silicon Valley on The Lip News. http://theantimedia.org/silicon-valley-workers-are-using-lsd-as-a-performance-enhancer/ http://thelip.tv/ http://www.youtube.com/theliptv2",25,News & Politics,PT5M5S,305,hd,False,1420,16.0,8.0,7.0
42,UCfvKwp-BExobsDcuDfCx1hA,ICRISAT Co,kQx2TtwPYtw,2015-07-08T07:55:52.000Z,About Microdosing,"About Microdosing Dr Ramadjita Tabo, Regional Director West and Central Africa, ICRISAT",29,Nonprofits & Activism,PT4M58S,298,hd,False,86,0.0,0.0,0.0
43,UCyPSHKvZDBwmGtQxaF9Hg7A,trippyshore,fozheOarVWM,2016-04-20T07:34:33.000Z,Microdosing,Be responsible with hallucinogens. Please sub our series RSStB at http://www.youtube.com/rickyshoresings. Purchase a DVD of old trippyshore vids that have been deleted from YouTube at http://rsstb.storevy.com. http://rickyshoresingstheblues.tumblr.com http://www.twitter.com/rickyshore http://www.instagram.com/rsstb_alex,22,People & Blogs,PT4M56S,296,hd,False,905,44.0,1.0,14.0
44,UCWhd7Voh_8ZjyM2NryqpMbg,TheOriginsOfReligion,waKpmL2rfaQ,2015-10-12T23:19:55.000Z,Microdosing Psilocybe Testimony - The Natural Way of Healing,Microdosing Psilocybe Testimony - The Natural Way of Healing Memorabilia http://ow.ly/JFg79 Printed Edition : https://www.createspace.com/5521164 Full Video on YouTube : https://www.youtube.com/watch?v=Tnn3reLLjNs&list=PLutOb75SA_QZYzDe9NkJYhdESlcZqaJCA,27,Education,PT4M55S,295,hd,False,611,7.0,0.0,3.0
45,UCm6dPJ_2VwvfB1c873IUMHg,Luna Sky Diamond,i4OiWEhPP6g,2016-04-17T00:44:15.000Z,Become your Own Guru by micro-dosing on LSD!,"Micro-dosing on LSD, A THERAPEUTICAL APPROACH for anxiety, depression, coping with life and negativity in general. My personal experience. Back to UNITY, TRUST AND APPRECIATION.",22,People & Blogs,PT4M43S,283,hd,False,130,2.0,1.0,1.0
46,UCo0r68iGvJJYBqogfAW7wjQ,MAC Valves,1DbymTVnaUo,2014-03-28T04:08:38.000Z,MAC LIQUID TECHNOLOGY - MICRODOSING,MAC's design advantages mean highly accurate and repeatable dosing.,28,Science & Technology,PT4M40S,280,sd,False,1577,5.0,0.0,2.0
47,UCOp0ZmhL17fYU6FzNLc3RwQ,"Intek Systems, Inc.",BRsiCRUSd40,2014-04-08T18:59:20.000Z,Micro-dosing With MAC Bullet Valves,This video shows how high accuracy micro-dosing of liquids can be achieved using Bullet valves from MAC Valves.,28,Science & Technology,PT4M40S,280,hd,False,368,1.0,0.0,0.0
48,UCnY0P7Z7FBMMIoHC2zUJVIQ,Nutristore,hF3mEHe3klk,2014-10-25T02:52:13.000Z,CON-CRET CREATINE MICRO-DOSING 48 Servicios PROMERA SPORTS,"CON-CRET CREATINE MICRO-DOSING 48 Servicios PROMERA SPORTS http://www.nutristore.cl/product_info.php/con-cret-creatine-micro-dosing-servicios-promera-sports-p-288 Creatina en microdosis. Con-Crét de ProMera Sports ha recibido diferentes galardones a la mejor creatina en Europa y Estados Unidos. Con-Crét utiliza creatina HCL, no requiere fases de carga, descansos, ni grandes cantidades de creatina. Con tan solo 750 mg de creatina Con-Crét se puede observar sus resultados. Con-Crét. Características principales: Creatina HCL Micro dosis de creatina (750 mg) Gran solubilidad Sin aditivos ni estimulantes Sin gluten Apto para vegetarianos Libre de sustancias dopantes Con-Crét. Efectos principales: Aumenta la fuerza muscular y mejora el rendimiento. Favorece las ganancias de masa muscular. Favorece la hidratación intracelular. Mejora la recuperación entre esfuerzos breves de alta intensidad y corta duración.",17,Sports,PT4M34S,274,hd,False,1805,8.0,1.0,0.0
49,UCfvKwp-BExobsDcuDfCx1hA,ICRISAT Co,c4-AB1jg3Sg,2008-12-03T07:36:27.000Z,Miracles with fertilizer microdosing,Applying small amounts of fertilizer with the seed at planting time to improve yield.,28,Science & Technology,PT4M33S,273,sd,False,2493,5.0,0.0,3.0
50,UCxw4-gbOtqRLdh9C3Ne-XAw,"E-PAK Machinery, Inc.",b0RDMUgn_3E,2016-06-03T20:28:37.000Z,Fully Automatic Micro Dosing Piston Filler for eJuice,"8 Head Fully Automatic Micro Dosing Piston Filler * 304 stainless steel frame construction * Dispensing Pumps, qty (4) Model 2BC-17 and qty (4) Model 2BC-8 constructed to dispense low viscosity material, and equipped as follows: * Maximum displacement 14ml per shot * Check valve style pump head * 316L stainless steel pump plunger * Chrome-plated stainless steel sleeve * 316L stainless steel midsection * Pump head constructed for quick disassembly and easy cleaning * Viton O-ring seals * UHMW plunger lip seal",28,Science & Technology,PT4M17S,257,hd,False,11,,,0.0
51,UCafWkijltITY62ecvVF7ykw,SHAPE (PTY) LTD CLINIC,g_mr59_rpJc,2016-03-01T09:05:47.000Z,Micro-dosing of Anabolics / Testosterones,Daily Micro-dosing of Testosterones is becoming widely used due to the benefits of the reduced side effect profiles as compared to large depo-intramuscular dosages. Micro-dosing - Limits disruptions in hormonal negative feed back loops - Decreases aromatization into oestrogen - Decreases testosterone to DHT conversion - Assists in regulating negative metabolic effects and binding sites of excess cortisol Ref: 1.http://www.ncbi.nlm.nih.gov/pubmed/17143361 2.https://clinicaltrials.gov/ct2/show/NCT02229617 3.http://transguys.com/ref/research/subcutaneous-injections,22,People & Blogs,PT3M51S,231,hd,False,109,0.0,1.0,0.0
52,UCzYRSPPmlDnbojgdo4O13KQ,ESTEVECompany,9KOMnttxK5o,2012-04-24T09:11:03.000Z,Storing and dosing station of ingredients ESTEVE - industrial,"Innovative Solutions - Flexible - Worldwide Esteve designs solutions and components for automatic feed of powders and liquids. - Storing - Discharge - Sieving - Conveying - Dosing - Weighing Whatever your products are, Whatever the quantity processed. We automate your raw materials at the requested time and exact dose. High Speed Dosing System. Dedusting for sacks tipping and big-bags. Security sieving. Automatic dosage of 24 products (no limitation) 80 batch per hour to feed conveyed receivers. Identification and automatic conveying of receivers. Dust-free discharge and storing system for raw materials in sacks and big-bags. Intake of ingredients with security sieve. Automatic handling system. Dosage of products at several weighing posts - Minors/Micro Micro dosing Addition of liquids Smart tag identification Dosing results to PC",28,Science & Technology,PT3M50S,230,sd,False,1717,,,
53,UCF4LEacx9sDvAbEJnlaJfKQ,CBS SF Bay Area,eK-2xWFr0UA,2016-05-05T23:16:25.000Z,"Micro-Dosing LSD Brings Silicon Valley Tech Innovators, Artists Inspiration","Some Silicon Valley tech innovators, entrepreneurs and artists are finding inspiration from micro-dosing LSD. Cate Cauguiran reports. (5/2/16)",25,News & Politics,PT3M49S,229,hd,True,200,5.0,0.0,0.0
54,UCI-jLIlZKXHCZApl3VvWfgQ,The Awakened Brave!,PomaOJZaq8s,2016-03-02T16:59:15.000Z,"Shroom Experiment. Micro dosing, Day 2.",Here I update my progress on my continuous shroom ingestion.,22,People & Blogs,PT3M45S,225,hd,False,370,28.0,1.0,41.0
55,UCKl0MRTvyN2DLAj3AyGFKrw,Ron Elimeleh,ZDzAWxB-bNU,2014-01-05T08:58:05.000Z,Micro-Dose (Liron Moskovich) Gamma Goblins KarHana@Fractal 3.1.14 Haravot,,22,People & Blogs,PT3M45S,225,hd,False,90,1.0,0.0,0.0
56,UCsGuxu7vhRULX4uM5wwlWXw,Improve Humanity | Behind the Eyelids,V-dP7Scpa0c,2016-02-02T17:30:43.000Z,"Marijuana & Alcohol Combination - Uses - (""Microdosing"" Alcohol?!?)","Alcohol is no psychedelic, but if you choose to use it as a tool... IT CAN BE! The mix is a strange amplification of.... Please SHARE this video if you like it! ● Help give others the opportunity of exposure Support me on Patreon! :-) https://www.patreon.com/improvehumanity Have a question? Ask in the comments OR: ● Want to stay anonymous? ● Private Message me on the Facebook Page OR ● Email me at: improvehumanity@hotmail.com Find me here: ● Facebook: https://www.facebook.com/improvehumanity ● Twitter: @ImproveEarth (Not very active) For business inquiries only: michaelgreenhd24@gmail.com Spirituality at heart! I love you all!",22,People & Blogs,PT3M44S,224,hd,False,256,6.0,1.0,1.0
57,UCpy50X_0LZU3Ju2GTRZ6l7w,Vanrooy Machinery,S5KxsynQ5z0,2010-12-22T00:50:45.000Z,"Agriflex flour silos, automatic ingredient storage & dosing-low res-presentation-Vanrooy-Dec10","Agriflex, Italy; designs & manufactures for Vanrooy Machinery in Australia & New Zealand. Automated industrial plants for the inventory, conveying and the dosage of raw materials in powdered, solid and liquid forms. i.e. All of the products and ingredients which are necessary for the production of food, pharmaceutical and chemical products. Flour silos, raw material silos, grain silos, powder silos, indoor fabric silos, outdoor fibreglass or stainless steel silos, ingredient storage and micro dosing. Also design, manufacture and supply; natural yeast, liquid yeast, levain, sour dough, starter culture, mother dough machines and equipment. Agriflex and Vanrooy are experts in automated bakery, confectionary, and patisserie production plant solutions with automatic machinery with programmable, integrated computer panel touch screen controllers for the most efficient industrial bread and other bakery production line. For more information on this and other bakery machines, pizza equipment and pastry equipment please visit www.vanrooy.com.au Australia & www.vanrooy.co.nz New Zealand. Agriflex website: www.agriflex.it",22,People & Blogs,PT3M40S,220,sd,False,494,0.0,0.0,0.0
58,UCowrFy3JghpFkwYCuV6Gsrw,TNO,ns1JFBJ0BA0,2013-07-09T11:14:14.000Z,Microdosing,"The development of a new drug is a lengthy and expensive process. The earlier information concerning efficacy and safety of a candidate drug in humans is available, the better. TNO is the only organisation in Europe with a biomedical Accelerator Mass Spectrometer (AMS). This makes it possible to undertake microdosing research; research using very low doses in humans. This research reduces costs, shortens the duration of the development process and ensures a reduction of lab animals for (preclinical) research. See also: www.tno.nl/microdosing",28,Science & Technology,PT3M21S,201,hd,False,2209,5.0,1.0,0.0
59,UC9B2G9dYd4dIbQtyy9SczAQ,David Zobrist,iTmjf4fPpeo,2016-02-17T09:52:11.000Z,Microdosing Magic Mushroom 0.1g Experience,This video reflects my personal experience with psilocybin through magic truffles and dried magic mushrooms. Let's talk about microdosing benefits and disadvantages. I do not advertise the use of any illegal or legal substance. This video is for harm reduction purpose. Music Credit: Audioscribe - Free Fall [NCS Release] https://www.youtube.com/watch?v=8ciZGNmlWgo,20,Gaming,PT3M15S,195,hd,False,1851,17.0,1.0,3.0
60,UCfvKwp-BExobsDcuDfCx1hA,ICRISAT Co,VjrWr7mpruI,2015-07-08T06:38:13.000Z,Microdosing: Future,"Future of microdosing Dr Ramadjita Tabo, Regional Director West and Central Africa, ICRISAT",29,Nonprofits & Activism,PT3M14S,194,hd,False,23,0.0,0.0,0.0
61,UCZKcHstffFwoxnTs5uKmryw,kodie lallement,P1Zb1ixhesA,2014-01-18T12:10:49.000Z,con cret micro dosing creatine review,"my opinion and review and concret micro dosing creatine , its my first supplement video so kik me : kodie1997 with more questions and instagram me : kodielallement1997",23,Comedy,PT3M10S,190,sd,False,515,2.0,0.0,0.0
62,UClXUeX430K8mNt5kJyZthYA,MrALEXANDRIDIS,QEbEKj__VyE,2009-11-11T14:57:45.000Z,PRAXIS MICRO DOSING,TEST MODE OF FULL AUTOMATIC MICRO DOSING SYSTEM FOR ADDITIVES,28,Science & Technology,PT3M2S,182,sd,False,259,0.0,0.0,0.0
63,UCafWkijltITY62ecvVF7ykw,SHAPE (PTY) LTD CLINIC,QaAU1A2dUdc,2015-07-14T09:37:07.000Z,Uniclick syringe to reduce dosing errors and cost to healthcare globally,"Uniclick syringe is a syringe that can be made cost effectively to regular syringes and offer improved functionality such as micro dose regulation as effective as pen devices. In this regard i dedicate this syringe to fight poverty and pledge profit from its mass production and sale to fight poverty and disease, preventable deaths globally.",22,People & Blogs,PT2M54S,174,hd,False,31,0.0,0.0,0.0
64,UCfBmmf1OpYLL7JrD2ExMQLA,VIZAKIS MODALITY,tvtzuL45dbc,2016-04-11T05:16:48.000Z,Psychedelic Micro dosing and Weight Training,"Join me as I explore the world of micro dosing with LSD and weight training. What is it all about, for education and awareness purposes only.",27,Education,PT2M53S,173,hd,False,263,12.0,0.0,0.0
65,UCg2EubjIryo4KZnrhIK7LeA,InsideTRU,xijwKjyY3JI,2015-05-27T19:37:09.000Z,3MT - Erika Bachmann: Fertilizer microdosing for improved agricultural production,"Erika Bachmann, Agricultural Economics, University of Saskatchewan: “Making a little go a long way: Fertilizer microdosing for improved agricultural production in Northwest Benin.”",27,Education,PT2M52S,172,hd,False,38,0.0,0.0,0.0
66,UCfvKwp-BExobsDcuDfCx1hA,ICRISAT Co,sFxk3qJU6xc,2015-06-17T09:17:13.000Z,Microdosing - a little goes a long way,"(Published on 12 April ‎ ‎2007) ICRISAT along with its partners developed a technique called fertilizer Microdosing. Small doses of fertilizer applied at the right place at the right time, combined with an inventory credit system (warrantage), lead to large benefits in yields and incomes in several countries of sub-Saharan Africa. More information: http://www.icrisat.org/jewels/Posters/Poster%20Fertilizer%20Microdosing.pdf",29,Nonprofits & Activism,PT2M47S,167,sd,False,89,0.0,0.0,0.0
67,UCFC0cHr4iU73zuQVMKtSHKw,Agrivideos,Crhd-tLy3Jg,2007-03-30T07:09:21.000Z,Microdosing,Microdosing,25,News & Politics,PT2M47S,167,sd,False,467,0.0,0.0,0.0
68,UCru4dSY14CghSFzxNhz7eTg,Everything Kratom,6mm4fXJMdeI,2015-12-22T22:16:23.000Z,Microdosing mushrooms vlog 1,"First Vlog of the Mushroom Trials!!! Unedited beauty :) For more info on what exactly the ""mushroom"" trials are visit my page talking about my experiment, and the procedure, http://kratomstrainreviews.com/microdosing-mushrooms-journal/",22,People & Blogs,PT2M43S,163,sd,False,258,2.0,0.0,3.0
69,UC5Prm8XLT2VgdEL3iOn-BOA,VFFSItaly,oMeECK_PH4E,2016-03-01T09:55:00.000Z,TECHNO D - Packaging machine for micro dosing,Automatic packaging plant for micro dosing (40gr) composed by: - VFFS mod. Kompakt - Weigher M series for granular and flowing powder - Feeding system with rigid screw conveyor,28,Science & Technology,PT2M39S,159,sd,False,120,,,
70,UCo0r68iGvJJYBqogfAW7wjQ,MAC Valves,NuAaIjS-L88,2015-11-12T20:09:41.000Z,Microdosing short version,,28,Science & Technology,PT2M32S,152,hd,False,565,0.0,0.0,0.0
71,UCux5OArmpA14yb4lqQDD6ng,LawerSPA,i7K4p4MzmDA,2012-06-25T09:09:01.000Z,Lawer - UNICA Gelato ingredients automatic dosing,"UNICA di LAWER E' PESATRICE AUTOMATICA PER IL MICRODOSAGGIO DI INGREDIENTI IN POLVERE E LIQUIDI. AUTOMATIZZA E RENDE EFFICIENTE LA PREPARAZIONE DELLE RICETTE NEL SETTORE DEL GELATO ARTIGIANALE, PASTICCERIA ED ALIMENTARE. UNICA di LAWER GARANTISCE : RIPETIBILITA', PRECISIONE, CONTROLLO COSTI, TEMPI e CONSUMI, RISERVATEZZA e PROTEZIONE KNOW-HOW. UNICA, IL PARTNER DEL TUO SUCCESSO. UNICA LAWER IS AN AUTOMATIC WEIGHING/DOSING SYSTEM FOR THE MICRO-DOSAGE OF POWDER AND LIQUID INGREDIENTS. UNICA IS AN AUTOMATIC EFFICIENCY RECOVERY FOR THE RECIPE PREPARATION IN THE ARTESANAL GELATO FIELD, BACKERY AND FOOD INDUSTRY. UNICA LAWER GRANT : REPEATIBILITY, ACCURACY, COSTS-CONSUMPTION CONTROL, CONFIDENTIALITY AND KNOW-HOW PROTECTION. UNICA, PARTNER FOR YOUR SUCCESS.",22,People & Blogs,PT2M27S,147,hd,False,458,0.0,0.0,0.0
72,UCfvKwp-BExobsDcuDfCx1hA,ICRISAT Co,dgWKr3Mymcw,2015-07-08T06:38:15.000Z,Microdosing: Up-scaling,"Microdosing: Up-scaling Dr Ramadjita Tabo, Regional Director West and Central Africa, ICRISAT",29,Nonprofits & Activism,PT2M26S,146,hd,False,15,0.0,0.0,0.0
73,UC8Nx-9uQ8eIabSECQwz1KhQ,P.F.M.G. -company LLC,nKnJMdFL7-0,2014-09-19T07:48:22.000Z,Micro dosing of powdered products,"Все чаще применяется ввод в муку витаминно-минеральных премиксов, http://www.pfmg.ru/precision_feeders восстанавливающих или даже повышающих пищевую ценность муки. Для внесения таких премиксов, как и для ввода ферментов, часто используют микродозаторы.Основным назначением данных устройст является внесение микродобавок в муку, а также и в другие виды продуктов, непрерывно, по количеству, равномерно и с постоянной заданной оператором интенсивностью. Для использования на мелькомбинатах, комбикормовых заводах, также имеет широкое применение и в др. отраслях промышленности.",28,Science & Technology,PT2M25S,145,sd,False,132,,,0.0
74,UCGcF4QHx-bUGNT7nIo-cxDQ,Motion Brand,DwDowxM5HLI,2016-05-20T10:16:37.000Z,Jesma Microdosing,,22,People & Blogs,PT2M21S,141,hd,False,3,0.0,0.0,0.0
75,UCI-jLIlZKXHCZApl3VvWfgQ,The Awakened Brave!,b5l_TSpBDa8,2016-03-03T18:02:05.000Z,"Shroom Experiment, Micro dosing, Day 3.",Updating my daily experience whilst micro dosing on one gram of shrooms per day.,22,People & Blogs,PT2M18S,138,hd,False,1196,31.0,1.0,27.0
76,UCcNYpSbdTEnzvWpQrkCPFqA,CamozziAutomation,U5sGKnN3YEs,2015-05-18T11:38:07.000Z,K8MDC Micro-dosing control valve,,28,Science & Technology,PT2M16S,136,hd,False,1030,4.0,1.0,0.0
77,UCI-jLIlZKXHCZApl3VvWfgQ,The Awakened Brave!,nOX80zQnoGI,2016-03-06T16:54:09.000Z,"Shroom Experiment, Micro dosing. Day 6.",An update with how I'm feeling on a continuous dose of shrooms.,22,People & Blogs,PT2M14S,134,hd,False,759,27.0,0.0,27.0
78,UCOtBO5lxoSV0bUoL1VKVizA,finedosing,7l-Trpfd6Qk,2013-03-30T15:16:23.000Z,MCPI Fine dosing,"MCPI est un constructeur français de tables d'indexages et de systèmes de micro dosage et de saupoudrage de produits secs. Nos produits sont dédiés à 2 marchés: L'automation et la robotique: Depuis 1994 avec les tables d'indexage à came, les indexeurs pneumatiques, les anneaux tournants à commande numérique et les manipulateursqui sont largement utilisés dans l'industrie automobile, mais aussi dans l'emballage, la cosmétique... Les industries agro alimentaires, pharmaceutiques et de process: avec les systèmes de micro dosage et de saupoudrage de poudres et granulés. Les produits Fine dosing sont basés sur un principe exclusif beveté. Notre expertise est reconnue au delà de nos frontières, où de nombreux systèmes fonctionnent avec succès... http://www.mcpi.fr/index.php",28,Science & Technology,PT2M13S,133,sd,False,806,0.0,0.0,0.0
79,UCI-jLIlZKXHCZApl3VvWfgQ,The Awakened Brave!,u2tG09c5Wfw,2016-03-12T17:41:30.000Z,"Shroom Experiment, Micro dosing. Day 12.",Continuing my micro dosing experience and observing myself and the world.,22,People & Blogs,PT1M56S,116,hd,False,243,8.0,0.0,9.0
80,UCH3AiD3qk2KajBxYrHfoVIw,charles Wagstaff,bpuL6pQTboM,2016-04-18T00:30:52.000Z,Amanda Feilding on Microdosing,,22,People & Blogs,PT1M55S,115,sd,False,39,1.0,0.0,0.0
81,UCEg0z7UFsEtPUuGcXzol-hg,helixqld,9pNpkG37tp4,2014-02-02T23:36:59.000Z,Helix Micro Rebar Dosing - Millennium Mine,"Helix Micro Rebar was used at Millennium Mine (Moranbah, Queensland, Australia) to reinforce the concrete for a warehouse, workshop and wash down facility for 180t dump trucks. The use of Helix replaced rebar and mesh and considerably reduced the construction time of the project. The total result was cost saving and a time saving which left the project on time and on budget. This video shows the ease of dosing the Helix into the concrete at the batching plant. Every batch plant and project has it's unique requirements and this site was ideal for the vibrating table. When the truck turned up to site it was ready to pour. The dosage ranged from 8kg/m3 - 18kg/m3. All parties were very happy with the end result. Use Helix for your next project to save time and money and improve strength and durability.",28,Science & Technology,PT1M50S,110,hd,False,263,2.0,0.0,0.0
82,UCmReYKJm8ohBE4CgiyBMvQA,VideoOSVTech,m-isi4QvZ0c,2012-06-14T11:36:35.000Z,OSV Mini ER - Mixing and Microdosing of Epoxy Resins,"http://www.osv.com.ua/en.html OSV Mini ER is a compact mixing and dosing machine, designed especially for pouring of epoxy resins in small doses. The machine OSV Mini ER may be used effectively in production of various instruments,tools and engineer and technical details.",22,People & Blogs,PT1M44S,104,sd,False,691,0.0,0.0,0.0
83,UCsuTwa41Vo-D_tp1szb-X2A,ASM SA,S5VjepWZeHU,2012-03-06T20:43:48.000Z,MICRO DOSING SCALE per 10x SILOS,MNGT. of MICRO INGREDIENT with AUTO SCALING and BATCHING. Done by ASM TEAM ..,28,Science & Technology,PT1M43S,103,hd,False,547,2.0,0.0,2.0
84,UCfvKwp-BExobsDcuDfCx1hA,ICRISAT Co,feTYskS7xrI,2015-07-08T06:38:12.000Z,Microdosing: On-Station work,"Microdosing: On-Station work Dr Ramadjita Tabo, Regional Director West and Central Africa, ICRISAT",29,Nonprofits & Activism,PT1M36S,96,hd,False,24,0.0,0.0,0.0
85,UCI-jLIlZKXHCZApl3VvWfgQ,The Awakened Brave!,qGor28LonjY,2016-03-10T18:48:11.000Z,"Shroom Experiment, Micro dosing, Day 10. Psilocybin and Kratom.",Furthering my Micro dosing experience coupled with Kratom :-),22,People & Blogs,PT1M36S,96,hd,False,569,20.0,0.0,12.0
86,UC8R47lb-vhSXsNt79GVJOEw,Helix Steel Texas,lICg7lwrYtA,2013-12-19T14:38:44.000Z,Dosing trucks with Helix micro rebar at Ingram Ready Mix,"Helix micro rebar is dosed into an empty ready mix truck before concrete batching. A wire mesh panel is placed over the charging hopper and boxes are dumped onto the panel to help break up any clumps. This ensures good Helix distribution in the ready mix. Three boxes or 135 lbs are added to a 10 yard truck. This dosage will replace a #4 rebar mat on 22"" centers in 6"" of concrete. Helix reduces cost and time over conventional rebar.",22,People & Blogs,PT1M34S,94,hd,False,267,1.0,0.0,0.0
87,UCfvKwp-BExobsDcuDfCx1hA,ICRISAT Co,tuBnNdDgABM,2015-07-08T06:38:16.000Z,Microdosing: Warrantage,"Microdosing: Warrantage Dr Ramadjita Tabo, Regional Director West and Central Africa, ICRISAT",29,Nonprofits & Activism,PT1M24S,84,hd,False,9,0.0,0.0,0.0
88,UCFlKVHW74SjZrmM4KcIu_kg,Sabina Cruz,4e8N5ZS1YTU,2015-12-03T07:10:22.000Z,Minimum Quantity Lubrication (MQL),"Minimum Quantity Lubrication (MQL) is an alternative to the use of traditional metal working fluids (MWFs) in machining. You may have heard MQL referred to as “Near-Dry Machining” (NDM), “Micro-Lubrification” or “Micro-lubrication”, “Micro-dosing”, or even, somewhat incorrectly, referred to as “mist coolant.”",24,Entertainment,PT1M16S,76,hd,False,78,0.0,0.0,0.0
89,UC3M1LDs2tSg0Gy3iCqMLGRg,Nöron Mühendislik,xZea2BJLEkY,2016-01-26T14:08:28.000Z,Micro Dosing System 03 (tea) (Hassas Dozajlama Sistemi03 çay),Micro Dosing System 03 (tea) (Hassas Dozajlama Sistemi03 çay),28,Science & Technology,PT1M15S,75,hd,False,197,0.0,0.0,0.0
90,UCy30w-Anzo6QTpyqUWeSJdg,Detech,Ycj5-oNkIxc,2015-07-30T16:30:44.000Z,microdosing test run 2015 07 27 No 2,Description,22,People & Blogs,PT1M15S,75,sd,False,16,0.0,0.0,0.0
91,UCmNZB3-zCyMuHCOTraws0dg,Helix Steel Victoria,HxudMyH5OR0,2013-07-21T14:06:32.000Z,Dosing Helix Micro-Rebar using a blower --- © Copyright,© Copyright --- Dosing with the Helix blower is effortless and ensures for even distribution of the Micro-Rebar throughout the concrete mix.,28,Science & Technology,PT1M14S,74,hd,False,1111,6.0,0.0,3.0
92,UC8R47lb-vhSXsNt79GVJOEw,Helix Steel Texas,o1-fvHEufC8,2013-12-06T16:21:09.000Z,Dosing Helix micro rebar into a ready mix truck,Dosing a freshly batched ready mix truck with Helix micro rebar. Shake Helix directly in the charge hopper at medium charge speed. Avoid allowing clumped-up material to enter a slowly mixing truck. Try to keep a constant feed of material dropping into the drum. You can increase the charge speed after dosing and then allow for a few minutes of mixing if on-site. Trucks leaving the plant will get plenty of mixing upon travel to the job. Observe Helix distribution in the ready mix upon initial placement. Helix should be evenly distributed and if not contact Helix and ask for help. Helix Steel dot com.,22,People & Blogs,PT1M13S,73,hd,False,430,2.0,0.0,0.0
93,UCy30w-Anzo6QTpyqUWeSJdg,Detech,xgoCPoEjWCE,2015-07-30T16:30:44.000Z,microdosing test run 2015 07 27,Description,22,People & Blogs,PT1M12S,72,sd,False,10,0.0,0.0,0.0
94,UCUzOQ9BimbVc6zU6UDMsnnA,C.E.King Limited,nUpXT0KygZc,2012-01-21T12:58:38.000Z,www.pacwiki.org - Tecnotrend Automazione - FV252T Microdosing Machine for vials,Tecnotrend Automazione - FV252T Microdosing Machine for vials - All images and video content posted/uploaded by www.pacwiki.org to You Tube are the ©Copyright of their respective authors/owners (All Rights Reserved). You MAY NOT redistribute or embed any of these images or videos without the express permission from the authors/owners.,28,Science & Technology,PT1M11S,71,sd,False,242,0.0,0.0,0.0
95,UCIC-KZObsWRQDaw_r_5o74w,Serigstad Czech Republic,D40d9dYxqDM,2015-07-21T13:49:38.000Z,Mikroaplikace biologických konzervantů. LDS Low Dosing System,"Mikroaplikace pro biologické konzervanty se používá pro řezačky, sběrací vozy, ale i balíkovací lisy. Dávkovaní je od 0.08-02 l/min. LDS Micro Dosing system for biologic conservation. Sutable for Forage Harvesters, Self Loading Wagons and Roundballers. Capacity 0.08-0.2 l/min.",22,People & Blogs,PT1M8S,68,sd,False,12,0.0,0.0,0.0
96,UC3M1LDs2tSg0Gy3iCqMLGRg,Nöron Mühendislik,_s03zFqdM2o,2016-01-21T17:53:45.000Z,Micro Dosing System 02 (Hassas Dozajlama Sistemi02),"www.noronmuhendislik.com mısır, corn micro mikro dozajlama dosing sistemi Vibration dosing Hassas Dozajlama, Titreşimli Dozajlama, Çimento, boya, medikal, ilaç, reçete http://www.noronmuhendislik.com/tr/urunlerimiz/dozajlama-sistemleri-kalsit-pvc-alci-kirec-bentonit/tarti-bantli-besleyici http://www.noronmuhendislik.com/tr/urunlerimiz/dozajlama-sistemleri-kalsit-pvc-alci-kirec-bentonit/eksiltme-ile-tartim-vidali-besleyici",28,Science & Technology,PT1M6S,66,hd,False,335,0.0,0.0,1.0
97,UC3M1LDs2tSg0Gy3iCqMLGRg,Nöron Mühendislik,qomNziismeI,2016-01-21T16:33:41.000Z,Micro Dosing System 01 (Hassas Dozajlama Sistemi01),"www.noronmuhendislik.com micro mikro dozajlama dosing sistemi Vibration dosing Hassas Dozajlama, Titreşimli Dozajlama, Çimento, boya, medikal, ilaç, reçete http://www.noronmuhendislik.com/tr/urunlerimiz/dozajlama-sistemleri-kalsit-pvc-alci-kirec-bentonit/tarti-bantli-besleyici http://www.noronmuhendislik.com/tr/urunlerimiz/dozajlama-sistemleri-kalsit-pvc-alci-kirec-bentonit/eksiltme-ile-tartim-vidali-besleyici",28,Science & Technology,PT1M3S,63,hd,False,356,1.0,0.0,0.0
98,UC3M1LDs2tSg0Gy3iCqMLGRg,Nöron Mühendislik,xaBXBLRnCyI,2016-01-26T22:16:07.000Z,Micro Dosing System 05 (farina) (Hassas Dozajlama Sistemi05 irmik),Micro Dosing System 03 (farina) (Hassas Dozajlama Sistemi03 irmik) www.noronmuhendislik.com,28,Science & Technology,PT1M3S,63,hd,False,209,0.0,0.0,0.0
99,UC9FsJnf2tJEZByE-m1Gs7BA,timasid,wHLta75vo7U,2009-09-01T21:03:13.000Z,Graco Dynamic Paint Proportioning (Dynamic Micro Dosing),,22,People & Blogs,PT1M1S,61,sd,False,195,0.0,0.0,0.0
100,UCByZtO109BzcxAG9AaL_9pw,DMA Europa,KW_Uka6Rdqk,2014-01-22T15:17:48.000Z,Microfluidics - new 5μl micro dosing pump delivers precision & reliability DMA Europa,"Microfluidics - new 5μl micro dosing pump delivers precision & reliability Recent developments to the Bürkert product range has seen the new type 7615 micro dosing pump launched as well as developments to the complimentary valve range. The new, self-priming, diaphragm pump has been designed for precise dosing in the microlitre range and combines high dosing accuracy and precision with chemical inertness. With the valve body made from PEEK (Poly ether ether ketone) and seals available in FFKM and EPDM, the pump is suitable for a wide range of neutral as well as aggressive liquids. The new pump is designed with 3 valves which can be operated to allow pumping in two directions as well as being simultaneously opened to allow flushing of the pump. The dosing quantity ranges from a minimum of 5μl per stroke up to a maximum of 8ml per min in both directions. With an accuracy of less than ±2%, the new pump is ideal for precise dosing of the smallest quantities of liquids. The 7615 is an addition to the existing type 7604 micro pump, which is a unique, self-priming, adjustable, diaphragm pump measuring only 11mm in width and designed for continuous pumping applications in the 1-5ml per min range. Requiring either 12 or 24 VDC supply and with a low power consumption of just 1.5W, this pump is well suited to mobile devices using a battery for the power source. With similar valve body and seal materials, the type 7604 is also ideally suited for use with aggressive media. Technology in today's world is getting smaller and more reliable. For businesses involved in Life Sciences, analytical chemistry, in-vitro diagnostics and medical devices, the ability to automate processes and miniaturise the devices involved is becoming a driving force for manufacturers in this field. The ability to deliver a modular product range which can be integrated into existing arrangements, backed-up by technical expertise is crucial to a successful customer experience. With over 15 years experience in micro-fluid control systems, Bürkert has become one of the World's leading suppliers, with extensive knowledge in this specialist field and the ability to design, develop, simulate, build and test standard and bespoke solutions. With such a wide range of applications from clinical diagnostics, DNA synthesising and medical instruments to high throughput laboratory automation, dentistry and industrial inkjet production, microfluidics now covers a wide range of industries. About BÜRKERT Bürkert Fluid Control Systems is one of the leading manufacturers of control and measuring systems for fluids and gases. The products have a wide variety of applications and are used by breweries and laboratories as well as in medical engineering and space technology. The company employs over 2,200 people and has a comprehensive network of branches in 35 countries world-wide. Editor Contact DMA Europa Ltd. : Roland Renshaw Tel: +44 (0)1562 751436 Fax: +44 (0)1562 748315 Web: www.dmaeuropa.com Email: infoallenquiries@dmaeuropa.com Company Contact Bürkert Fluid Control Systems : Helen Christopher Tel: +44 (0)1285 648720 Fax: +44 (0)1285 648721 Web: http://www.burkert.co.uk Email: helen.christopher@burkert.com To see press release please follow this link; http://www.dmaeuropa.com/Clients/Burkert/News/tabid/1197/itemid/2780/Default.aspx",28,Science & Technology,PT55S,55,hd,False,343,0.0,0.0,0.0
101,UCMGzgGupUGKc-xV6F4cwy0Q,Bürkert Fluid Control Systems,U5qqLjYcbyc,2013-09-26T11:35:41.000Z,Micro dosing unit for liquids from Bürkert,"Bürkert's new micro dosing unit Type 7615 -- a high-precision diaphragm pump for exact dosing of liquids in the µl range -- is the fluid technology specialist's latest addition to its product portfolio for analytical, bio-medical and medical applications. http://www.buerkert.de/DEE/search.php?type=7615&SearchText=7615",22,People & Blogs,PT55S,55,hd,False,509,0.0,0.0,0.0
102,UC6Qia_DIjUWJHIrk5zI9pmA,Vakantie Vincent,mr_MKypHHhg,2015-12-10T14:38:46.000Z,De Mooie Mannen Club: Vakantie Vincent: Microdosing Is De Sjit! De 'Hulde Aan Meneer Hofmann' Edit,via YouTube Capture,22,People & Blogs,PT54S,54,hd,False,127,1.0,0.0,9.0
103,UC3M1LDs2tSg0Gy3iCqMLGRg,Nöron Mühendislik,q5TX-aTB4hY,2016-02-29T23:27:49.000Z,Micro Dosing System 04 (PLC Kontrollü) (Hassas Dozajlama Sistemi04 PLC Control System),"http://www.noronmuhendislik.com/tr/urunlerimiz/dozajlama-sistemleri-kalsit-pvc-alci-kirec-bentonit Mikro, Dozajlama, Sistemi, Dozlama, Sistemi, Reçeteli, Otomatik, Otomasyonlu, Hassas, Dozajlama, PVC, Kalsit, çimento, ilaç, medikal, un, yem, buğday, arpa,",28,Science & Technology,PT48S,48,hd,False,298,0.0,0.0,1.0
104,UCMGzgGupUGKc-xV6F4cwy0Q,Bürkert Fluid Control Systems,c-4QepH5zis,2015-03-31T09:06:18.000Z,Micro: Pneumatic dosing unit,"The arrival of spring often comes with a stuffy nose and watery eyes. Almost one in three people globally suffer from allergies. Immunotherapy helps them ease their discomfort. Our pneumatic dosing system – perfect for precise, safe and repeatable dosing of medicines.",22,People & Blogs,PT46S,46,hd,False,209,0.0,0.0,1.0
105,UCZA4UoKQSLUzJ3g4DLZS4EA,wemakeideasflow,XqLro_GPPIc,2013-04-11T17:04:03.000Z,7615 Micro Dosing Pump-1, ,27,Education,PT43S,43,sd,False,218,0.0,0.0,0.0
106,UCfvKwp-BExobsDcuDfCx1hA,ICRISAT Co,NOHsqsws96Y,2015-07-08T06:38:10.000Z,Microdosing: On-Farm work,"Microdosing: On-Farm work Dr Ramadjita Tabo, Regional Director West and Central Africa, ICRISAT",29,Nonprofits & Activism,PT42S,42,hd,False,16,0.0,0.0,0.0
107,UC3M1LDs2tSg0Gy3iCqMLGRg,Nöron Mühendislik,ZjfAkUildfU,2015-04-27T08:23:23.000Z,www.noronmuhendislik.com Mikro Dozaj Sistemi Micro Dosing System Noron Mühendislik,"http://noronmuhendislik.com/tr/urunlerimiz/dozajlama-sistemleri-kalsit-pvc-alci-kirec-bentonit Mikro Dozaj Micro Dosing System www.noronmuhendislik.com Noron Mühendislik Wam,Bigbag,Çuval,Boşaltma,Dolum,Sistemi,Silobas,Kamyon,Gemi,Yükleme,Körüğü,Teleskopik,Helezon,Vidalı,Konveyor,Çimento,Silo,Üstü,Jet,Filtresi,Mikro,Micro,Likit,Sıvı,Dozaj,Kelebek,Klepe,Vana,Pnömatik,Havalı,Taşıma,Sistemi,Hava,Kilidi,Yıldız,Besleyici,Hücre,Tekeri,",22,People & Blogs,PT40S,40,sd,False,913,2.0,0.0,1.0
108,UCZwZeq6xPWyWzNcOspTn4qQ,gaoyuansg,Wma08Q85mJU,2012-12-10T08:23:49.000Z,SG-Fiber dosing system of micro surfacing paver,We are a leading manufacturer of road maintenance machine. Contact:chnsgmichelle@gmail.com You can view our products at：http://www.sgroadmachine.com,22,People & Blogs,PT36S,36,hd,False,469,2.0,0.0,0.0
109,UCI-jLIlZKXHCZApl3VvWfgQ,The Awakened Brave!,PXTpG_FV248,2016-03-07T16:34:30.000Z,"Shroom Experiment, Micro dosing, Day 7.",Having a little fun :-) here.,22,People & Blogs,PT27S,27,hd,False,650,28.0,1.0,20.0
110,UCjnXuO6mfE0-czvcbOYnpbQ,Ayahuasca Magic,j9HFlDff2XY,2016-03-25T04:58:34.000Z,Time differentials: mystery wisdom and microdosing,The lectures I talk about are free (some of them) downloads here - http://dennisklocek.com/lectures P ------------------------------------------------------------- Please support me on www.patreon.com/ayahuascamagic. Or if you prefer on Paypal turnerscott@gmail.com. Im trying to leverage this channel into a portal where I can really help people break through and create classes and lots more videos. Any classes I make will be free to people who support me. I have one in planning stages now. ------------------------------------------------------------- Join the facebook group Ayahuasca Magic for chat and more info! Right here https://www.facebook.com/groups/2516394418383427/,24,Entertainment,PT26M,26,hd,False,304,6.0,0.0,22.0
111,UC0dsjSDsLZ5hbmoNjvsHJsQ,fluidresearch,lOGAkCtT4wk,2010-08-20T14:46:56.000Z,Fluid filling with exact precision dosing by Fluid Research Corp,See how the industry leaders in Precision microdosing show how exact dosing methods are done with their fluid dispensing equipment. To see more dispensing applications and equipment visit: http://www.fluidresearch.com/dispense_solutions.php,26,Howto & Style,PT18S,18,sd,False,294,0.0,0.0,0.0
112,UCmNZB3-zCyMuHCOTraws0dg,Helix Steel Victoria,sTNaGjt6564,2014-05-19T12:14:36.000Z,Accurate dosing of Helix Twisted Steel Micro Rebar concrete reinforcement --- Copyright ©,© Copyright --- Look at the steady rain of Helix Twisted Steel Micro Rebar concrete reinforcement going into the back of the agitator truck.,28,Science & Technology,PT11S,11,hd,False,463,0.0,0.0,0.0
113,UC281yIVp-U8Ijg4KUVRgDRA,Osiron X,fMlQoGINGHo,2016-04-15T19:31:48.000Z,Psilocybin Mushroom Micro-Dosing,"When too much time lapses between trips, the ego begins to create a god of itself & worships it's own fears as absolute!",24,Entertainment,PT11M,11,sd,False,341,11.0,1.0,10.0
114,UCH4ezCqRXHQhsETfl0dainA,FabFormIndustries,ODX4tzCWhhU,2015-08-19T18:25:20.000Z,Dosing Helix Micro Rebar,Coquitlam concrete goes into detail how they dose Helix into their concrete.,27,Education,PT1M,1,hd,False,345,4.0,0.0,0.0
